Movie Title,Num of Rating,Avg Rating
'Til There Was You (1997),9,2.333333333333333
1-900 (1994),5,2.6
101 Dalmatians (1996),109,2.9082568807339446
12 Angry Men (1957),125,4.343999999999999
187 (1997),41,3.024390243902439
2 Days in the Valley (1996),93,3.2258064516129035
"20,000 Leagues Under the Sea (1954)",72,3.5
2001: A Space Odyssey (1968),259,3.9691119691119687
3 Ninjas: High Noon At Mega Mountain (1998),5,1.0
"39 Steps, The (1935)",59,4.050847457627119
8 1/2 (1963),38,3.8157894736842106
8 Heads in a Duffel Bag (1997),4,3.25
8 Seconds (1994),4,3.75
A Chef in Love (1996),8,4.125
Above the Rim (1994),5,3.0
Absolute Power (1997),127,3.37007874015748
"Abyss, The (1989)",151,3.5894039735099335
Ace Ventura: Pet Detective (1994),103,3.0485436893203883
Ace Ventura: When Nature Calls (1995),37,2.675675675675676
Across the Sea of Time (1995),4,2.75
Addams Family Values (1993),87,2.8160919540229883
Addicted to Love (1997),54,3.1666666666666665
"Addiction, The (1995)",11,2.1818181818181817
"Adventures of Pinocchio, The (1996)",39,3.051282051282051
"Adventures of Priscilla, Queen of the Desert, The (1994)",111,3.5945945945945947
"Adventures of Robin Hood, The (1938)",67,3.7910447761194033
"Affair to Remember, An (1957)",26,4.1923076923076925
"African Queen, The (1951)",152,4.1842105263157885
Afterglow (1997),18,3.111111111111111
"Age of Innocence, The (1993)",65,3.3846153846153846
Aiqing wansui (1994),1,5.0
Air Bud (1997),43,2.5581395348837206
Air Force One (1997),431,3.6310904872389793
"Air Up There, The (1994)",16,2.8125
Airheads (1994),32,2.34375
Akira (1988),50,3.38
Aladdin (1992),219,3.8127853881278537
Aladdin and the King of Thieves (1996),26,2.8461538461538463
Alaska (1996),13,2.6923076923076925
Albino Alligator (1996),6,2.5
Alice in Wonderland (1951),81,3.6666666666666665
Alien (1979),291,4.034364261168385
Alien 3 (1992),100,2.83
Alien: Resurrection (1997),124,3.0967741935483866
Aliens (1986),284,3.9471830985915495
All About Eve (1950),66,4.045454545454546
All Dogs Go to Heaven 2 (1996),15,1.8666666666666667
All Over Me (1997),3,3.0
All Things Fair (1996),1,3.0
Alphaville (1965),12,3.333333333333333
Amadeus (1984),276,4.163043478260869
Amateur (1994),18,3.1666666666666665
"Amazing Panda Adventure, The (1995)",10,2.8
American Buffalo (1996),11,2.636363636363636
American Dream (1990),2,2.5
"American President, The (1995)",164,3.6280487804878048
American Strays (1996),2,2.0
"American Werewolf in London, An (1981)",99,3.5353535353535355
"American in Paris, An (1951)",50,3.7
Amistad (1997),124,3.85483870967742
Amityville 1992: It's About Time (1992),5,1.0
Amityville 3-D (1983),6,1.1666666666666667
"Amityville Curse, The (1990)",4,1.25
"Amityville Horror, The (1979)",53,2.5660377358490565
Amityville II: The Possession (1982),14,1.6428571428571428
Amityville: A New Generation (1993),5,1.0
Amityville: Dollhouse (1996),3,1.0
Amos & Andrew (1993),19,2.6842105263157894
An Unforgettable Summer (1994),4,2.5
Anaconda (1997),38,2.2894736842105257
Anastasia (1997),66,3.4242424242424243
Andre (1994),18,3.111111111111111
Angel Baby (1995),4,3.75
Angel and the Badman (1947),6,3.0
Angel on My Shoulder (1946),1,2.0
Angela (1995),1,3.0
Angels and Insects (1995),72,3.4166666666666665
Angels in the Outfield (1994),39,2.9230769230769234
Angus (1995),14,2.642857142857143
Anna (1996),2,4.5
Anna Karenina (1997),33,3.0909090909090913
Anne Frank Remembered (1995),21,3.8571428571428568
Annie Hall (1977),180,3.911111111111111
Another Stakeout (1993),28,2.5
Antonia's Line (1995),69,3.9565217391304346
Aparajito (1956),7,3.571428571428572
"Apartment, The (1960)",63,3.936507936507936
Apocalypse Now (1979),221,4.04524886877828
Apollo 13 (1995),276,3.931159420289855
"Apostle, The (1997)",55,3.654545454545455
"Apple Dumpling Gang, The (1975)",25,2.84
April Fool's Day (1986),15,2.6666666666666665
Apt Pupil (1998),160,4.1
"Aristocats, The (1970)",54,3.1296296296296298
Army of Darkness (1993),116,3.431034482758621
Around the World in 80 Days (1956),59,3.6610169491525424
"Arrival, The (1996)",83,3.036144578313253
Arsenic and Old Lace (1944),115,4.0782608695652165
As Good As It Gets (1997),112,4.196428571428571
Assassins (1995),39,2.8717948717948723
"Assignment, The (1997)",18,3.5
"Associate, The (1996)",41,3.2439024390243905
Audrey Rose (1977),12,2.1666666666666665
August (1996),1,1.0
Austin Powers: International Man of Mystery (1997),130,3.246153846153846
"Awfully Big Adventure, An (1995)",8,2.375
Ayn Rand: A Sense of Life (1997),7,3.1428571428571432
B*A*P*S (1997),3,1.6666666666666667
B. Monkey (1998),1,3.0
Babe (1995),219,3.9954337899543377
"Baby-Sitters Club, The (1995)",10,2.5
Babyfever (1994),2,1.0
"Babysitter, The (1995)",3,2.333333333333333
Back to the Future (1985),350,3.834285714285714
Backbeat (1993),19,3.4736842105263164
Bad Boys (1995),57,3.1052631578947367
Bad Company (1995),9,2.2222222222222223
Bad Girls (1994),6,1.8333333333333333
Bad Moon (1996),6,2.6666666666666665
Bad Taste (1987),16,3.375
"Ballad of Narayama, The (Narayama Bushiko) (1958)",4,2.75
Balto (1995),16,3.0
Bananas (1971),57,3.701754385964912
"Band Wagon, The (1953)",9,3.6666666666666665
Barb Wire (1996),30,1.9333333333333331
Barbarella (1968),28,2.571428571428572
Barcelona (1994),53,3.018867924528302
Basic Instinct (1992),101,3.2277227722772284
"Basketball Diaries, The (1995)",40,3.425
Basquiat (1996),44,3.25
Bastard Out of Carolina (1996),16,2.875
Batman & Robin (1997),62,2.4516129032258065
Batman (1989),201,3.4278606965174134
Batman Forever (1995),114,2.6666666666666665
Batman Returns (1992),142,2.683098591549296
Baton Rouge (1988),1,1.0
Bean (1997),91,2.659340659340659
"Beans of Egypt, Maine, The (1994)",2,3.5
Beat the Devil (1954),7,3.7142857142857135
"Beautician and the Beast, The (1997)",86,2.313953488372093
Beautiful Girls (1996),115,3.391304347826087
Beautiful Thing (1996),29,3.9655172413793114
Beauty and the Beast (1991),202,3.792079207920792
Beavis and Butt-head Do America (1996),156,2.7884615384615383
Bed of Roses (1996),60,3.2333333333333334
Bedknobs and Broomsticks (1971),57,3.0701754385964914
Before Sunrise (1995),49,3.4081632653061225
Before and After (1996),26,2.8461538461538463
Before the Rain (Pred dozhdot) (1994),10,3.8
Being Human (1993),4,1.75
Being There (1979),116,3.905172413793104
"Believers, The (1987)",16,2.25
Belle de jour (1967),37,3.9459459459459465
Ben-Hur (1959),124,3.8306451612903225
Benny & Joon (1993),102,3.4607843137254903
Bent (1997),6,2.6666666666666665
Best Men (1997),5,3.4
Best of the Best 3: No Turning Back (1995),6,1.5
Better Off Dead... (1985),79,3.5696202531645564
"Beverly Hillbillies, The (1993)",20,2.25
Beverly Hills Cop III (1994),28,2.392857142857143
Beverly Hills Ninja (1997),48,2.3125
"Bewegte Mann, Der (1994)",3,3.6666666666666665
Beyond Bedlam (1993),2,1.0
Beyond Rangoon (1995),18,3.055555555555556
Bhaji on the Beach (1993),8,2.875
"Big Bang Theory, The (1994)",1,4.0
"Big Blue, The (Grand bleu, Le) (1988)",17,3.2352941176470584
Big Bully (1996),14,1.8571428571428568
"Big Green, The (1995)",14,2.5
"Big Lebowski, The (1998)",42,3.8333333333333335
Big Night (1996),171,3.900584795321637
"Big One, The (1997)",1,3.0
"Big Sleep, The (1946)",73,4.027397260273974
"Big Squeeze, The (1996)",4,2.25
Billy Madison (1995),37,3.081081081081081
Bio-Dome (1996),31,1.903225806451613
Bird of Prey (1996),1,1.0
"Birdcage, The (1996)",293,3.4436860068259385
"Birds, The (1963)",162,3.8086419753086425
Bitter Moon (1992),10,3.3
Bitter Sugar (Azucar Amargo) (1996),3,4.333333333333333
Black Beauty (1994),27,3.4444444444444446
Black Sheep (1996),55,2.636363636363636
Blade Runner (1982),275,4.138181818181818
Blink (1994),19,3.0
Bliss (1997),7,2.571428571428572
"Blob, The (1958)",46,2.717391304347826
Blood & Wine (1997),22,2.863636363636364
Blood Beach (1981),6,2.1666666666666665
Blood For Dracula (Andy Warhol's Dracula) (1974),5,2.4
Bloodsport 2 (1995),10,1.7
"Bloody Child, The (1996)",1,1.0
Blown Away (1994),29,2.7586206896551726
"Blue Angel, The (Blaue Engel, Der) (1930)",18,3.7777777777777777
Blue Chips (1994),9,2.6666666666666665
Blue Sky (1994),12,3.4166666666666665
Blue in the Face (1995),45,3.1777777777777776
Blues Brothers 2000 (1998),28,2.821428571428572
"Blues Brothers, The (1980)",251,3.836653386454184
Bob Roberts (1992),85,3.7411764705882353
Body Parts (1991),13,1.6153846153846154
"Body Snatcher, The (1945)",22,3.5
Body Snatchers (1993),69,2.971014492753623
Bogus (1996),22,2.5454545454545454
"Bonheur, Le (1965)",4,2.0
Bonnie and Clyde (1967),122,3.819672131147541
Boogie Nights (1997),189,3.5873015873015874
Boomerang (1992),32,2.8125
"Boot, Das (1981)",201,4.2039800995024885
Booty Call (1997),48,2.1666666666666665
Bottle Rocket (1996),44,3.4545454545454546
Bound (1996),129,3.821705426356589
Boxing Helena (1993),15,2.2
Boy's Life 2 (1997),6,3.333333333333333
Boys (1996),6,3.333333333333333
Boys Life (1995),5,3.2
Boys in Venice (1996),2,1.0
"Boys of St. Vincent, The (1993)",13,3.3846153846153846
Boys on the Side (1995),34,3.147058823529412
"Boys, Les (1997)",3,3.333333333333333
"Brady Bunch Movie, The (1995)",76,2.8026315789473686
Braindead (1992),14,3.8571428571428568
Bram Stoker's Dracula (1992),120,3.158333333333333
Brassed Off (1996),32,3.9375
Braveheart (1995),297,4.151515151515151
Brazil (1985),208,3.817307692307693
Bread and Chocolate (Pane e cioccolata) (1973),12,3.1666666666666665
Breakdown (1997),77,3.4025974025974026
Breakfast at Tiffany's (1961),95,3.726315789473684
Breaking the Waves (1996),74,3.72972972972973
Bride of Frankenstein (1935),46,3.608695652173913
"Bridge on the River Kwai, The (1957)",165,4.175757575757577
"Bridges of Madison County, The (1995)",67,3.164179104477612
Bringing Up Baby (1938),68,3.8382352941176467
Broken Arrow (1996),254,3.0314960629921264
Broken English (1996),8,2.25
"Bronx Tale, A (1993)",48,3.7916666666666665
Brother Minister: The Assassination of Malcolm X (1994),5,3.0
"Brother's Kiss, A (1997)",1,2.0
"Brothers McMullen, The (1995)",73,3.4520547945205484
Brothers in Trouble (1995),1,4.0
"Browning Version, The (1994)",10,3.0
Buddy (1997),4,2.25
Bulletproof (1996),49,3.204081632653061
Bullets Over Broadway (1994),86,3.72093023255814
Burnt By the Sun (1994),24,3.7083333333333335
Burnt Offerings (1976),9,2.4444444444444446
Bushwhacked (1995),7,1.5714285714285714
Butch Cassidy and the Sundance Kid (1969),216,3.9490740740740735
"Butcher Boy, The (1998)",2,4.0
Butterfly Kiss (1995),1,1.0
"Bye Bye, Love (1995)",15,3.1333333333333333
C'est arrivé près de chez vous (1992),4,3.0
Cabin Boy (1994),16,2.5625
"Cable Guy, The (1996)",106,2.339622641509434
Calendar Girl (1993),3,2.0
Canadian Bacon (1994),29,2.413793103448276
"Candidate, The (1972)",39,3.641025641025641
Candyman (1992),65,2.7230769230769236
Candyman: Farewell to the Flesh (1995),21,2.4285714285714284
Cape Fear (1962),86,3.5232558139534884
Cape Fear (1991),171,3.456140350877193
Captives (1994),3,2.333333333333333
Career Girls (1997),39,3.2564102564102564
Careful (1992),1,1.0
Carlito's Way (1993),54,3.4074074074074074
Carmen Miranda: Bananas Is My Business (1994),2,1.5
Caro Diario (Dear Diary) (1994),4,2.75
Carpool (1996),5,2.8
Carrie (1976),121,3.5041322314049586
Carried Away (1996),11,3.0
Carrington (1995),13,3.2307692307692313
Casablanca (1942),243,4.4567901234567895
Casino (1995),91,3.648351648351648
Casper (1995),52,3.0769230769230766
Castle Freak (1995),4,1.25
Cat People (1982),48,2.895833333333333
Cat on a Hot Tin Roof (1958),62,3.9516129032258074
Cats Don't Dance (1997),32,2.84375
Catwalk (1995),3,1.3333333333333333
Caught (1996),8,3.25
Celestial Clockwork (1994),2,4.0
"Celluloid Closet, The (1995)",56,3.8928571428571432
Celtic Pride (1996),15,2.2
"Cement Garden, The (1993)",10,3.6
Cemetery Man (Dellamorte Dellamore) (1994),23,2.8695652173913038
Century (1993),1,3.0
Chain Reaction (1996),80,2.7
Chairman of the Board (1998),9,2.2222222222222223
"Chamber, The (1996)",43,3.0930232558139537
Charade (1963),40,3.925
Chasers (1994),5,2.2
Chasing Amy (1997),379,3.8390501319261214
Children of the Corn: The Gathering (1996),19,1.3157894736842106
Children of the Revolution (1996),5,3.2
Chinatown (1974),147,4.1360544217687085
"Christmas Carol, A (1938)",69,4.057971014492754
Chungking Express (1994),28,3.571428571428572
"Ciao, Professore! (1993)",4,2.75
Cinderella (1950),129,3.581395348837209
Cinema Paradiso (1988),121,4.1735537190082646
Circle of Friends (1995),76,3.486842105263158
Citizen Kane (1941),198,4.292929292929293
Citizen Ruth (1996),45,3.6222222222222222
City Hall (1996),79,3.1392405063291138
City Slickers II: The Legend of Curly's Gold (1994),44,2.5454545454545454
City of Angels (1998),8,3.0
City of Industry (1997),6,2.5
"City of Lost Children, The (1995)",96,3.7916666666666665
Clean Slate (1994),10,2.8
Clean Slate (Coup de Torchon) (1981),4,2.75
Clear and Present Danger (1994),179,3.5698324022346366
Clerks (1994),148,3.8040540540540535
"Client, The (1994)",97,3.3814432989690717
Cliffhanger (1993),93,3.0215053763440864
Clockers (1995),33,3.0
"Clockwork Orange, A (1971)",221,3.909502262443439
"Close Shave, A (1995)",112,4.491071428571429
Clueless (1995),170,3.4588235294117653
Cobb (1994),15,2.8
Cold Comfort Farm (1995),125,3.824
Coldblooded (1995),1,2.0
"Collectionneuse, La (1967)",2,2.0
"Colonel Chabert, Le (1994)",4,3.5
Color of Night (1994),15,2.7333333333333334
Commandments (1997),3,2.6666666666666665
Con Air (1997),137,3.45985401459854
Conan the Barbarian (1981),107,3.0467289719626165
Condition Red (1995),2,2.0
Coneheads (1993),41,2.2195121951219514
Congo (1995),42,2.452380952380953
Conspiracy Theory (1997),295,3.4237288135593222
Contact (1997),509,3.803536345776032
"Contempt (Mépris, Le) (1963)",9,3.0
"Convent, The (Convento, O) (1995)",2,2.5
"Cook the Thief His Wife & Her Lover, The (1989)",82,3.024390243902439
Cool Hand Luke (1967),164,3.9939024390243913
Cool Runnings (1993),68,3.1617647058823533
Cop Land (1997),175,3.377142857142857
Cops and Robbersons (1994),13,2.3076923076923075
Copycat (1995),86,3.302325581395349
"Corrina, Corrina (1994)",39,3.1538461538461537
Cosi (1996),4,4.0
Country Life (1994),2,1.5
Courage Under Fire (1996),221,3.6108597285067874
"Cowboy Way, The (1994)",19,2.2105263157894743
"Craft, The (1996)",104,3.1153846153846154
Crash (1996),128,2.546875
Crimson Tide (1995),154,3.6298701298701297
Critical Care (1997),11,3.0909090909090913
Cronos (1992),10,3.2
Crooklyn (1994),10,3.5
Crossfire (1947),4,4.25
"Crossing Guard, The (1995)",28,3.0
"Crow, The (1994)",134,3.417910447761194
"Crow: City of Angels, The (1996)",39,1.948717948717949
Crows and Sparrows (1949),2,1.5
"Crucible, The (1996)",77,3.3376623376623376
"Crude Oasis, The (1995)",1,1.0
Crumb (1994),81,3.7901234567901234
"Cry, the Beloved Country (1995)",24,3.75
"Crying Game, The (1992)",119,3.6218487394957983
Curdled (1996),8,2.75
"Cure, The (1995)",6,3.333333333333333
Cutthroat Island (1995),18,2.4444444444444446
Cyclo (1995),1,3.0
Cyrano de Bergerac (1990),66,3.8181818181818175
"Cérémonie, La (1995)",3,4.0
D3: The Mighty Ducks (1996),19,2.5789473684210527
Dadetown (1995),1,3.0
Daens (1992),1,1.0
"Damsel in Distress, A (1937)",1,4.0
Dances with Wolves (1990),256,3.79296875
Dangerous Beauty (1998),13,3.7692307692307687
Dangerous Ground (1997),8,1.75
Dangerous Minds (1995),47,3.3404255319148937
Daniel Defoe's Robinson Crusoe (1996),2,3.0
Dante's Peak (1997),240,2.933333333333333
Dark City (1998),16,3.5
Dave (1993),180,3.65
"Davy Crockett, King of the Wild Frontier (1955)",11,2.9090909090909087
"Day the Earth Stood Still, The (1951)",97,3.938144329896907
"Day the Sun Turned Cold, The (Tianguo niezi) (1994)",2,2.0
Daylight (1996),57,2.771929824561404
Days of Thunder (1990),53,2.7169811320754715
"Daytrippers, The (1996)",15,3.6666666666666665
Dazed and Confused (1993),64,3.46875
Dead Man (1995),34,3.8235294117647056
Dead Man Walking (1995),299,3.8963210702341136
Dead Poets Society (1989),251,3.9163346613545817
Dead Presidents (1995),18,2.7222222222222223
Dear God (1996),12,2.5
Death and the Maiden (1994),28,3.4285714285714284
Death in Brunswick (1991),1,4.0
"Death in the Garden (Mort en ce jardin, La) (1956)",1,1.0
Deceiver (1997),29,2.827586206896552
Deconstructing Harry (1997),65,3.4
Deep Rising (1998),14,2.4285714285714284
"Deer Hunter, The (1978)",120,3.8333333333333335
Delicatessen (1991),65,3.8769230769230765
Delta of Venus (1994),2,3.0
Demolition Man (1993),92,3.152173913043478
Denise Calls Up (1995),7,3.0
Desert Winds (1995),1,4.0
"Designated Mourner, The (1997)",7,1.8571428571428568
Desperado (1995),97,3.453608247422681
Desperate Measures (1998),72,3.3194444444444446
Destiny Turns on the Radio (1995),2,3.0
Devil in a Blue Dress (1995),57,3.3859649122807016
"Devil's Advocate, The (1997)",188,3.515957446808511
"Devil's Own, The (1997)",240,3.1083333333333334
Diabolique (1996),71,2.8873239436619715
Dial M for Murder (1954),68,4.0
Die Hard (1988),243,3.872427983539095
Die Hard 2 (1990),166,3.3554216867469884
Die Hard: With a Vengeance (1995),151,3.2847682119205297
"Die xue shuang xiong (Killer, The) (1989)",31,3.967741935483871
Dingo (1992),5,2.4
Dirty Dancing (1987),98,3.1020408163265305
Disclosure (1994),40,3.0
Diva (1981),66,3.727272727272727
Dolores Claiborne (1994),79,3.3417721518987342
Don Juan DeMarco (1995),76,3.5526315789473686
Don't Be a Menace to South Central While Drinking Your Juice in the Hood (1996),35,2.771428571428572
Donnie Brasco (1997),147,3.8027210884353733
"Doom Generation, The (1995)",7,2.7142857142857144
"Doors, The (1991)",46,2.9782608695652173
Double Happiness (1994),7,3.4285714285714284
Double Team (1997),13,2.230769230769231
"Double vie de Véronique, La (Double Life of Veronique, The) (1991)",22,3.6818181818181817
Down Periscope (1996),101,2.702970297029703
Down by Law (1986),35,3.7714285714285714
Dr. Strangelove or: How I Learned to Stop Worrying and Love the Bomb (1963),194,4.252577319587629
Dracula: Dead and Loving It (1995),25,2.28
Dragonheart (1996),158,3.0822784810126582
Dream Man (1995),2,1.5
Dream With the Fishes (1997),7,3.1428571428571432
Drop Dead Fred (1991),24,2.75
Drop Zone (1994),31,2.548387096774193
Drunks (1995),5,2.8
Duck Soup (1933),93,4.0
Dumb & Dumber (1994),69,3.0
Dumbo (1941),123,3.4959349593495936
Dunston Checks In (1996),7,1.8571428571428568
Duoluo tianshi (1995),6,3.1666666666666665
E.T. the Extra-Terrestrial (1982),300,3.8333333333333335
East of Eden (1955),59,3.864406779661017
Eat Drink Man Woman (1994),80,4.05
Ed (1996),6,1.3333333333333333
Ed Wood (1994),133,3.601503759398496
Ed's Next Move (1996),3,2.6666666666666665
Eddie (1996),40,2.7
"Edge, The (1997)",113,3.5398230088495577
"Eighth Day, The (1996)",1,3.0
Emma (1996),177,3.7175141242937855
"Empire Strikes Back, The (1980)",367,4.2043596730245225
Enchanted April (1991),70,3.928571428571429
"Endless Summer 2, The (1994)",10,2.5
"Enfer, L' (1994)",4,3.0
"English Patient, The (1996)",481,3.656964656964657
"Englishman Who Went Up a Hill, But Came Down a Mountain, The (1995)",32,3.375
Entertaining Angels: The Dorothy Day Story (1996),1,5.0
Eraser (1996),206,3.150485436893204
Escape from L.A. (1996),91,2.4615384615384617
Escape from New York (1981),91,3.241758241758242
Escape to Witch Mountain (1975),30,2.966666666666667
Etz Hadomim Tafus (Under the Domin Tree) (1994),1,2.0
Eve's Bayou (1997),64,3.609375
Even Cowgirls Get the Blues (1993),5,2.0
"Evening Star, The (1996)",29,2.931034482758621
Event Horizon (1997),127,2.5748031496062986
Everest (1998),2,4.5
Every Other Weekend (1990),1,1.0
Everyone Says I Love You (1996),168,3.273809523809524
Evil Dead II (1987),89,3.5168539325842696
Evita (1996),259,2.9806949806949805
Excess Baggage (1997),52,2.5384615384615383
Executive Decision (1996),157,3.3566878980891715
Exit to Eden (1994),16,2.75
Exotica (1994),27,3.555555555555556
Extreme Measures (1996),64,3.171875
Eye for an Eye (1996),32,3.03125
"Eye of Vichy, The (Oeil de Vichy, L') (1993)",1,1.0
Face/Off (1997),194,3.768041237113402
Faces (1968),4,3.0
Fair Game (1995),11,2.1818181818181817
FairyTale: A True Story (1997),30,2.966666666666667
Faithful (1996),10,3.3
Fall (1997),3,2.0
Fallen (1998),41,3.1463414634146343
Falling in Love Again (1980),2,1.0
"Family Thing, A (1996)",45,3.555555555555556
"Fan, The (1996)",64,3.09375
Fantasia (1940),174,3.770114942528736
Far From Home: The Adventures of Yellow Dog (1995),7,3.2857142857142856
Farewell My Concubine (1993),46,3.978260869565217
"Farewell to Arms, A (1932)",12,3.8333333333333335
Fargo (1996),508,4.155511811023622
Farinelli: il castrato (1994),17,3.117647058823529
Farmer & Chase (1995),1,4.0
"Fast, Cheap & Out of Control (1997)",32,3.4375
Faster Pussycat! Kill! Kill! (1965),7,3.0
Fatal Instinct (1993),19,2.631578947368421
Father of the Bride (1950),60,3.583333333333333
Father of the Bride Part II (1995),128,2.8984375
Fathers' Day (1997),31,2.5806451612903225
Faust (1994),5,4.2
Fausto (1993),3,3.0
"Favor, The (1994)",1,2.0
Fear (1996),44,3.1590909090909087
Fear of a Black Hat (1993),10,3.2
"Fear, The (1995)",1,3.0
Fearless (1993),25,3.24
Feast of July (1995),5,2.4
Feeling Minnesota (1996),32,2.625
Female Perversions (1996),8,2.625
Field of Dreams (1989),212,3.69811320754717
Fierce Creatures (1997),96,3.114583333333333
"Fifth Element, The (1997)",197,3.4771573604060912
"Fille seule, La (A Single Girl) (1995)",4,4.0
Fire Down Below (1997),44,2.9318181818181817
Fire on the Mountain (1996),1,3.0
Firestorm (1998),18,2.833333333333333
"Firm, The (1993)",151,3.2781456953642385
First Kid (1996),40,2.925
First Knight (1995),86,3.0232558139534884
"First Wives Club, The (1996)",160,3.01875
"Fish Called Wanda, A (1988)",247,3.785425101214575
Fled (1996),34,2.647058823529412
Flesh and Bone (1993),6,2.833333333333333
"Flintstones, The (1994)",31,2.064516129032258
Flipper (1996),20,2.45
Flirt (1995),5,3.6
Flirting With Disaster (1996),42,3.690476190476191
"Flower of My Secret, The (Flor de mi secreto, La) (1995)",6,3.1666666666666665
Flubber (1997),53,2.7547169811320757
Fluke (1995),14,2.4285714285714284
Fly Away Home (1996),180,3.6
"Fog, The (1980)",23,2.739130434782609
Fools Rush In (1997),24,3.0
For Ever Mozart (1996),3,2.0
For Love or Money (1993),12,2.833333333333333
For Richer or Poorer (1997),14,2.4285714285714284
For Whom the Bell Tolls (1943),20,4.0
For the Moment (1994),3,2.6666666666666665
"Forbidden Christ, The (Cristo proibito, Il) (1950)",4,2.75
Forbidden Planet (1956),67,3.835820895522388
Foreign Correspondent (1940),15,3.8666666666666663
Foreign Student (1994),2,2.0
Forget Paris (1995),62,3.193548387096774
Forrest Gump (1994),321,3.853582554517134
Four Days in September (1997),12,3.75
Four Rooms (1995),90,3.033333333333333
Four Weddings and a Funeral (1994),251,3.661354581673306
"Fox and the Hound, The (1981)",61,3.1475409836065573
Foxfire (1996),15,2.933333333333333
Frankie Starlight (1995),4,2.5
Free Willy (1993),33,2.4545454545454546
Free Willy 2: The Adventure Home (1995),11,2.1818181818181817
Free Willy 3: The Rescue (1997),27,1.7407407407407407
Freeway (1996),42,3.3571428571428568
French Kiss (1995),84,3.333333333333333
French Twist (Gazon maudit) (1995),39,3.2051282051282053
Fresh (1994),10,4.1
Friday (1995),26,3.4615384615384617
Fried Green Tomatoes (1991),153,3.7647058823529416
"Frighteners, The (1996)",115,3.2347826086956517
Frisk (1995),3,2.6666666666666665
From Dusk Till Dawn (1996),92,3.1195652173913038
"Fugitive, The (1993)",336,4.044642857142857
Full Metal Jacket (1987),170,3.6823529411764704
"Full Monty, The (1997)",315,3.9269841269841272
Full Speed (1996),8,3.125
"Funeral, The (1996)",21,2.4285714285714284
Funny Face (1957),21,3.6666666666666665
"Further Gesture, A (1996)",1,1.0
G.I. Jane (1997),175,3.36
Gabbeh (1996),6,3.333333333333333
"Game, The (1997)",251,3.593625498007968
Gandhi (1982),195,4.0205128205128196
Gang Related (1997),16,2.6875
"Garden of Finzi-Contini, The (Giardino dei Finzi-Contini, Il) (1970)",24,3.9166666666666665
Gaslight (1944),35,3.8857142857142857
"Gate of Heavenly Peace, The (1995)",1,4.0
Gattaca (1997),136,3.5955882352941178
"Gay Divorcee, The (1934)",15,3.8666666666666663
George of the Jungle (1997),162,2.685185185185185
Georgia (1995),30,2.9
Germinal (1993),4,3.0
Geronimo: An American Legend (1993),9,3.111111111111111
Get Shorty (1995),209,3.5502392344497613
Get on the Bus (1996),38,3.3157894736842106
"Getaway, The (1994)",18,2.333333333333333
Getting Away With Murder (1996),1,1.0
Getting Even with Dad (1994),5,1.6
Ghost (1990),170,3.4647058823529413
"Ghost and Mrs. Muir, The (1947)",43,3.651162790697674
"Ghost and the Darkness, The (1996)",128,3.203125
Ghost in the Shell (Kokaku kidotai) (1995),26,3.6538461538461537
Ghosts of Mississippi (1996),29,3.4827586206896552
Giant (1956),51,3.7450980392156863
Gigi (1958),41,3.6585365853658534
Gilligan's Island: The Movie (1998),3,1.3333333333333333
Girl 6 (1996),25,2.76
Girl in the Cadillac (1995),1,1.0
Girls Town (1996),1,3.0
"Glass Shield, The (1994)",2,2.0
Glengarry Glen Ross (1992),69,3.463768115942029
"Glimmer Man, The (1996)",48,2.75
Glory (1989),171,4.076023391812867
Go Fish (1994),15,3.2
"Godfather, The (1972)",413,4.283292978208232
"Godfather: Part II, The (1974)",209,4.186602870813397
Gold Diggers: The Secret of Bear Mountain (1995),10,3.1
Golden Earrings (1947),2,4.0
GoldenEye (1995),131,3.206106870229008
Gone Fishin' (1997),11,1.818181818181818
Gone with the Wind (1939),171,3.871345029239766
"Good Man in Africa, A (1994)",2,3.0
Good Morning (1971),1,1.0
Good Will Hunting (1997),198,4.262626262626263
"Good, The Bad and The Ugly, The (1966)",137,3.8613138686131383
GoodFellas (1990),226,3.951327433628319
"Goofy Movie, A (1995)",20,2.9
Gordy (1995),3,1.0
Grace of My Heart (1996),8,3.25
"Graduate, The (1967)",239,4.104602510460252
"Grand Day Out, A (1992)",66,4.106060606060606
"Grass Harp, The (1995)",9,3.2222222222222223
Grateful Dead (1995),4,3.5
Grease (1978),170,3.3470588235294123
Grease 2 (1982),24,2.0
"Great Day in Harlem, A (1994)",1,5.0
"Great Dictator, The (1940)",46,4.021739130434782
"Great Escape, The (1963)",124,4.104838709677419
Great Expectations (1998),27,3.2222222222222223
"Great Race, The (1965)",31,3.290322580645161
"Great White Hype, The (1996)",49,2.7551020408163267
Gridlock'd (1997),19,3.2105263157894735
"Grifters, The (1990)",89,3.4831460674157304
Grosse Fatigue (1994),4,3.25
Grosse Pointe Blank (1997),160,3.675
Groundhog Day (1993),280,3.764285714285714
Grumpier Old Men (1995),148,3.0405405405405403
Guantanamera (1994),4,3.75
Guilty as Sin (1993),6,2.1666666666666665
Gumby: The Movie (1995),5,2.6
Hackers (1995),33,2.606060606060606
Half Baked (1998),20,2.5
Halloween: The Curse of Michael Myers (1995),25,2.2
Hamlet (1996),90,4.011111111111111
Hana-bi (1997),1,3.0
Happy Gilmore (1996),149,3.389261744966443
Hard Eight (1996),15,4.0
Hard Rain (1998),31,2.9032258064516134
Hard Target (1993),40,2.7
Harlem (1993),4,2.75
Harold and Maude (1971),121,3.8181818181818175
Harriet the Spy (1996),40,2.7
"Hate (Haine, La) (1995)",18,3.5
"Haunted World of Edward D. Wood Jr., The (1995)",15,3.733333333333333
He Walked by Night (1948),1,4.0
Head Above Water (1996),4,3.0
Hear My Song (1991),8,3.25
Hearts and Minds (1996),5,3.8
Heat (1995),223,3.569506726457399
Heathers (1989),171,3.690058479532164
Heaven & Earth (1993),9,2.555555555555556
Heaven's Prisoners (1996),27,2.5185185185185186
Heavenly Creatures (1994),70,3.6714285714285713
Heavy (1995),5,2.4
Heavy Metal (1981),73,3.2602739726027403
Heavyweights (1994),13,2.1538461538461537
Hedd Wyn (1992),1,1.0
Heidi Fleiss: Hollywood Madam (1995) ,13,2.6923076923076925
Hellraiser: Bloodline (1996),18,2.0
Henry V (1989),124,4.137096774193549
Herbie Rides Again (1974),11,2.272727272727273
Hercules (1997),66,3.515151515151515
Here Comes Cookie (1935),1,2.0
Hideaway (1995),9,2.4444444444444446
High Noon (1952),88,4.102272727272728
High School High (1996),29,2.6206896551724137
Higher Learning (1995),30,3.333333333333333
Highlander (1986),153,3.5359477124183005
Highlander III: The Sorcerer (1994),16,2.125
His Girl Friday (1940),56,4.0
Hollow Reed (1996),6,2.333333333333333
Homage (1995),1,1.0
Home Alone (1990),137,3.0875912408759123
Home Alone 3 (1997),19,1.8947368421052633
Home for the Holidays (1995),58,3.155172413793104
Homeward Bound II: Lost in San Francisco (1996),32,2.78125
Homeward Bound: The Incredible Journey (1993),61,3.2131147540983607
Hoodlum (1997),73,2.9315068493150687
Hoop Dreams (1994),117,4.094017094017094
"Horse Whisperer, The (1998)",7,2.7142857142857144
"Horseman on the Roof, The (Hussard sur le toit, Le) (1995)",9,4.111111111111111
Hostile Intentions (1994),1,1.0
Hot Shots! Part Deux (1993),68,2.764705882352941
Hotel de Love (1996),4,3.25
"Hour of the Pig, The (1993)",14,3.571428571428572
House Arrest (1996),25,2.52
House Party 3 (1994),9,2.0
"House of Yes, The (1997)",18,3.0
"House of the Spirits, The (1993)",24,3.0416666666666665
Houseguest (1994),24,2.833333333333333
How to Be a Player (1997),21,2.761904761904762
How to Make an American Quilt (1995),71,3.3380281690140845
"Howling, The (1981)",38,3.0263157894736836
"Hudsucker Proxy, The (1994)",110,3.5545454545454547
Hugo Pool (1997),7,3.2857142857142856
"Hunchback of Notre Dame, The (1996)",127,3.377952755905512
"Hungarian Fairy Tale, A (1987)",1,1.0
"Hunt for Red October, The (1990)",227,3.8634361233480177
"Hunted, The (1995)",3,2.0
Hurricane Streets (1998),9,2.6666666666666665
Hush (1998),1,2.0
I Can't Sleep (J'ai pas sommeil) (1994),3,2.6666666666666665
I Don't Want to Talk About It (De eso no se habla) (1993),1,4.0
I Know What You Did Last Summer (1997),100,3.06
I Like It Like That (1994),3,2.333333333333333
I Love Trouble (1994),10,2.5
I Shot Andy Warhol (1996),37,3.3783783783783785
I'll Do Anything (1994),10,2.6
I'm Not Rappaport (1996),17,3.0
"I, Worst of All (Yo, la peor de todas) (1990)",1,1.0
I.Q. (1994),81,3.320987654320988
"Ice Storm, The (1997)",108,3.611111111111111
If Lucy Fell (1996),29,2.7586206896551726
Ill Gotten Gains (1997),3,2.333333333333333
Immortal Beloved (1994),63,3.4603174603174605
In & Out (1997),230,3.3043478260869565
In Love and War (1996),28,3.4285714285714284
In the Army Now (1994),18,2.2777777777777777
In the Bleak Midwinter (1995),16,3.6875
In the Company of Men (1997),66,3.712121212121212
In the Line of Duty 2 (1987),4,2.75
In the Line of Fire (1993),169,3.792899408284024
In the Mouth of Madness (1995),26,2.8846153846153846
In the Name of the Father (1993),102,3.9117647058823533
In the Realm of the Senses (Ai no corrida) (1976),9,2.0
Incognito (1997),10,3.5
Independence Day (ID4) (1996),429,3.438228438228438
Indian Summer (1996),20,3.25
"Indian in the Cupboard, The (1995)",39,2.8205128205128207
Indiana Jones and the Last Crusade (1989),331,3.930513595166163
Infinity (1996),6,2.6666666666666665
"Inkwell, The (1994)",3,3.333333333333333
"Innocent Sleep, The (1995)",2,2.0
"Innocents, The (1961)",4,4.25
"Inspector General, The (1949)",18,3.7222222222222223
Interview with the Vampire (1994),137,3.1824817518248176
Intimate Relations (1996),2,3.0
Inventing the Abbotts (1997),23,3.1304347826086962
"Invitation, The (Zaproszenie) (1986)",1,1.0
"Island of Dr. Moreau, The (1996)",57,2.1578947368421053
It Could Happen to You (1994),46,3.652173913043478
It Happened One Night (1934),81,4.012345679012347
It Takes Two (1995),3,2.6666666666666665
It's My Party (1995),21,3.2857142857142856
It's a Wonderful Life (1946),231,4.121212121212121
JLG/JLG - autoportrait de décembre (1994),1,1.0
Jack (1996),70,3.1428571428571432
Jack and Sarah (1995),7,2.142857142857143
"Jackal, The (1997)",87,3.1494252873563218
Jackie Brown (1997),126,3.6428571428571432
Jackie Chan's First Strike (1996),145,3.2551724137931037
Jade (1995),17,2.294117647058824
James and the Giant Peach (1996),126,3.126984126984127
Jane Eyre (1996),63,3.4761904761904763
Jason's Lyric (1994),8,3.0
Jaws (1975),280,3.775
Jaws 2 (1978),66,2.6666666666666665
Jaws 3-D (1983),16,1.9375
Jean de Florette (1986),64,4.109375
Jefferson in Paris (1995),5,2.0
Jeffrey (1995),34,3.5294117647058822
"Jerky Boys, The (1994)",3,2.6666666666666665
Jerry Maguire (1996),384,3.7109375
Jimmy Hollywood (1994),8,2.875
Jingle All the Way (1996),18,2.1111111111111107
Joe's Apartment (1996),45,2.2444444444444445
Johnny 100 Pesos (1993),2,1.5
Johnny Mnemonic (1995),41,2.6341463414634148
Johns (1996),1,3.0
"Journey of August King, The (1995)",4,2.0
"Joy Luck Club, The (1993)",3,3.6666666666666665
Jude (1996),23,3.0
Judge Dredd (1995),39,2.8974358974358974
Judgment Night (1993),25,2.68
Jumanji (1995),96,3.3125
"Jungle Book, The (1994)",85,3.5647058823529414
Jungle2Jungle (1997),132,2.4393939393939394
Junior (1994),45,3.0222222222222217
Jupiter's Wife (1994),1,4.0
Jurassic Park (1993),261,3.7203065134099615
"Juror, The (1996)",82,2.817073170731707
Jury Duty (1995),14,2.0
Just Cause (1995),28,3.1428571428571432
Kalifornia (1993),59,3.2203389830508478
Kama Sutra: A Tale of Love (1996),22,3.3181818181818183
Kansas City (1996),23,2.260869565217391
Kaspar Hauser (1993),8,4.25
Kazaam (1996),10,1.8
Keys to Tulsa (1997),25,2.24
Kicked in the Head (1997),7,2.571428571428572
Kicking and Screaming (1995),13,2.9230769230769234
"Kid in King Arthur's Court, A (1995)",22,2.727272727272727
Kids (1995),49,3.0612244897959178
Kids in the Hall: Brain Candy (1996),65,3.0769230769230766
Kika (1993),2,2.0
Killer (Bulletproof Heart) (1994),4,2.5
Killer: A Journal of Murder (1995),1,4.0
"Killing Fields, The (1984)",121,4.132231404958676
Killing Zoe (1994),40,3.475
Kim (1950),7,3.2857142857142856
King of New York (1990),1,1.0
King of the Hill (1993),4,3.5
Kingpin (1996),162,3.1296296296296298
"Kiss Me, Guido (1997)",31,3.161290322580645
Kiss of Death (1995),20,2.85
Kiss the Girls (1997),143,3.4615384615384617
Kissed (1996),6,3.0
Kolya (1996),117,3.991452991452992
Koyaanisqatsi (1983),53,3.4905660377358485
Kull the Conqueror (1997),69,2.63768115942029
Kundun (1997),42,3.690476190476191
L.A. Confidential (1997),297,4.161616161616162
Lady of Burlesque (1943),1,4.0
Ladybird Ladybird (1994),4,2.75
Lamerica (1994),4,3.75
Land Before Time III: The Time of the Great Giving (1995) (V),6,1.6666666666666667
Land and Freedom (Tierra y libertad) (1995),1,3.0
Larger Than Life (1996),9,2.333333333333333
Lashou shentan (1992),1,1.0
Lassie (1994),7,2.2857142857142856
Last Action Hero (1993),59,2.7457627118644066
Last Dance (1996),9,3.111111111111111
"Last Klezmer: Leopold Kozlowski, His Life and Music, The (1995)",4,3.0
Last Man Standing (1996),53,2.660377358490566
Last Summer in the Hamptons (1995),3,2.333333333333333
"Last Supper, The (1995)",58,3.4482758620689653
"Last Time I Committed Suicide, The (1997)",7,2.2857142857142856
"Last Time I Saw Paris, The (1954)",3,3.6666666666666665
"Last of the Mohicans, The (1992)",128,3.546875
Late Bloomers (1996),5,3.4
Laura (1944),40,4.1
Lawnmower Man 2: Beyond Cyberspace (1996),21,1.7142857142857142
"Lawnmower Man, The (1992)",65,2.4461538461538463
Lawrence of Arabia (1962),173,4.23121387283237
"Lay of the Land, The (1997)",4,2.5
"Leading Man, The (1996)",4,3.75
Leave It to Beaver (1997),44,1.8409090909090908
Leaving Las Vegas (1995),298,3.697986577181208
Legal Deceit (1997),5,3.4
Legends of the Fall (1994),81,3.45679012345679
"Leopard Son, The (1996)",1,1.0
"Letter From Death Row, A (1998)",3,4.333333333333333
Liar Liar (1997),485,3.156701030927835
Liebelei (1933),1,1.0
"Life Less Ordinary, A (1997)",53,3.0754716981132075
Life with Mikey (1993),7,2.2857142857142856
Lightning Jack (1994),10,3.0
Like Water For Chocolate (Como agua para chocolate) (1992),148,3.8040540540540535
"Line King: Al Hirschfeld, The (1996)",2,3.0
"Lion King, The (1994)",220,3.7818181818181817
Little Big League (1994),16,2.875
Little Buddha (1993),22,3.3181818181818183
Little City (1998),2,3.5
Little Lord Fauntleroy (1936),12,3.1666666666666665
Little Odessa (1994),10,2.6
"Little Princess, A (1995)",41,3.6585365853658534
"Little Princess, The (1939)",9,3.555555555555556
"Little Rascals, The (1994)",18,2.7222222222222223
Little Women (1994),102,3.6764705882352944
Live Nude Girls (1995),23,3.0869565217391304
Living in Oblivion (1995),27,3.7407407407407414
Loaded (1994),5,2.4
Local Hero (1983),63,3.968253968253968
Loch Ness (1995),4,2.5
"Locusts, The (1997)",5,2.0
Lone Star (1996),187,4.053475935828877
"Long Kiss Goodnight, The (1996)",185,3.4702702702702704
Looking for Richard (1996),55,3.727272727272727
Lord of Illusions (1995),24,2.4166666666666665
Losing Chase (1996),8,3.25
Losing Isaiah (1995),12,3.0
Lost Highway (1997),125,3.136
Lost Horizon (1937),34,3.941176470588236
"Lost World: Jurassic Park, The (1997)",158,2.9430379746835444
Lost in Space (1998),18,3.1666666666666665
Lotto Land (1995),1,1.0
Love & Human Remains (1993),12,3.1666666666666665
Love Affair (1994),12,2.833333333333333
"Love Bug, The (1969)",50,2.78
Love Is All There Is (1996),1,3.0
Love Jones (1997),42,3.095238095238096
Love Serenade (1996),4,3.0
Love and Death on Long Island (1997),2,2.5
Love and Other Catastrophes (1996),7,2.8571428571428568
Love and a .45 (1994),8,3.125
Love in the Afternoon (1957),10,3.9
Love! Valour! Compassion! (1997),26,3.615384615384616
Lover's Knot (1996),3,2.0
"Low Down Dirty Shame, A (1994)",10,2.5
"Low Life, The (1994)",1,1.0
M (1931),44,4.0
M*A*S*H (1970),206,3.9126213592233015
M. Butterfly (1993),18,3.2222222222222223
MURDER and murder (1996),1,2.0
Ma vie en rose (My Life in Pink) (1997),20,3.45
"Machine, The (1994)",2,1.5
Mad City (1997),47,3.2553191489361697
Mad Dog Time (1996),1,3.0
Mad Love (1995),13,2.1538461538461537
Madame Butterfly (1995),7,3.571428571428572
Made in America (1993),27,2.5185185185185186
"Madness of King George, The (1994)",91,3.7692307692307687
Madonna: Truth or Dare (1991),17,2.4705882352941178
"Magic Hour, The (1998)",5,3.6
"Magnificent Seven, The (1954)",121,3.9421487603305785
Major Payne (1994),19,2.473684210526316
Malice (1993),46,3.1739130434782608
Mallrats (1995),54,3.4444444444444446
"Maltese Falcon, The (1941)",138,4.210144927536232
Mamma Roma (1962),1,4.0
"Man Who Knew Too Little, The (1997)",52,2.9230769230769234
"Man Who Would Be King, The (1975)",80,4.025
"Man Without a Face, The (1993)",68,3.544117647058824
"Man from Down Under, The (1943)",1,1.0
"Man in the Iron Mask, The (1998)",12,3.4166666666666665
"Man of No Importance, A (1994)",7,3.4285714285714284
Man of the House (1995),9,2.1111111111111107
Man of the Year (1995),9,3.111111111111111
"Manchurian Candidate, The (1962)",131,4.2595419847328255
Manhattan (1979),91,3.7692307692307687
Manhattan Murder Mystery (1993),27,3.6296296296296298
Manny & Lo (1996),13,3.1538461538461537
Manon of the Spring (Manon des sources) (1986),58,4.120689655172414
Margaret's Museum (1995),6,4.0
"Mark of Zorro, The (1940)",13,3.615384615384616
Marked for Death (1990),22,2.5
Marlene Dietrich: Shadow and Light (1996) ,1,5.0
Mars Attacks! (1996),217,2.8479262672811068
Marvin's Room (1996),78,3.58974358974359
Mary Poppins (1964),178,3.724719101123596
Mary Reilly (1996),39,2.8205128205128207
Mary Shelley's Frankenstein (1994),59,3.067796610169492
"Mask, The (1994)",129,3.1937984496124034
Mat' i syn (1997),1,1.0
"MatchMaker, The (1997)",51,3.1764705882352944
Matilda (1996),95,3.2105263157894735
Maverick (1994),128,3.46875
Maximum Risk (1996),20,2.8
Maya Lin: A Strong Clear Vision (1994),4,4.5
"Maybe, Maybe Not (Bewegte Mann, Der) (1994)",8,3.5
McHale's Navy (1997),69,2.188405797101449
Mediterraneo (1991),34,3.6764705882352944
Meet John Doe (1941),25,3.92
Meet Me in St. Louis (1944),31,3.3548387096774195
Meet Wally Sparks (1997),7,2.142857142857143
Men With Guns (1997),2,3.5
Men in Black (1997),303,3.745874587458746
Men of Means (1998),2,2.0
Menace II Society (1993),50,3.46
Mercury Rising (1998),7,3.4285714285714284
Metisse (Café au Lait) (1993),6,2.333333333333333
Metro (1997),36,2.9166666666666665
Miami Rhapsody (1995),15,2.6
Michael (1996),119,3.3193277310924367
Michael Collins (1996),92,3.4565217391304346
Microcosmos: Le peuple de l'herbe (1996),24,3.75
Midnight Dancers (Sibak) (1994),5,2.8
Midnight in the Garden of Good and Evil (1997),80,3.1625
Mighty Aphrodite (1995),184,3.4184782608695654
Mighty Morphin Power Rangers: The Movie (1995),11,2.272727272727273
"Mighty, The (1998)",3,1.0
Milk Money (1994),37,2.72972972972973
Mille bolle blu (1993),1,1.0
Miller's Crossing (1990),89,3.651685393258427
Mimic (1997),101,2.7425742574257432
Mina Tannenbaum (1994),6,3.6666666666666665
Miracle on 34th Street (1994),101,3.722772277227723
Mirage (1995),1,3.0
"Mirror Has Two Faces, The (1996)",66,3.363636363636364
Mission: Impossible (1996),344,3.3139534883720936
"Misérables, Les (1995)",21,3.6190476190476186
Mixed Nuts (1994),15,2.533333333333333
"Modern Affair, A (1995)",1,1.0
Moll Flanders (1996),42,3.5
Mondo (1996),3,3.0
Money Talks (1997),92,2.815217391304348
Money Train (1995),43,2.511627906976744
"Month by the Lake, A (1995)",9,3.333333333333333
Monty Python and the Holy Grail (1974),316,4.066455696202532
Monty Python's Life of Brian (1979),174,3.747126436781609
Moonlight and Valentino (1995),7,2.571428571428572
Mortal Kombat (1995),49,2.877551020408163
Mortal Kombat: Annihilation (1997),43,1.9534883720930232
"Mostro, Il (1994)",1,1.0
Mother (1996),169,3.1301775147929
Mother Night (1996),22,3.1818181818181817
Mouse Hunt (1997),44,2.477272727272727
Mr. Holland's Opus (1995),293,3.778156996587031
Mr. Jones (1993),2,2.5
Mr. Magoo (1997),12,1.9166666666666667
Mr. Smith Goes to Washington (1939),105,4.123809523809523
Mr. Wonderful (1993),4,3.0
Mr. Wrong (1996),23,2.3043478260869565
"Mrs. Brown (Her Majesty, Mrs. Brown) (1997)",96,3.9479166666666665
Mrs. Dalloway (1997),15,3.6
Mrs. Doubtfire (1993),192,3.411458333333333
Mrs. Parker and the Vicious Circle (1994),22,3.272727272727273
Mrs. Winterbourne (1996),22,3.0454545454545454
Much Ado About Nothing (1993),176,4.0625
Mulholland Falls (1996),82,2.8780487804878048
Multiplicity (1996),134,2.8358208955223883
Muppet Treasure Island (1996),84,2.761904761904762
Murder at 1600 (1997),218,3.0871559633027523
Murder in the First (1995),60,3.6
"Murder, My Sweet (1944)",9,3.555555555555556
Muriel's Wedding (1994),100,3.55
Mute Witness (1994),17,2.9411764705882355
My Best Friend's Wedding (1997),172,3.36046511627907
My Crazy Life (Mi vida loca) (1993),11,3.1818181818181817
My Fair Lady (1964),125,3.8160000000000003
My Family (1995),21,3.6666666666666665
My Favorite Season (1993),3,3.6666666666666665
My Favorite Year (1982),62,3.532258064516129
My Fellow Americans (1996),86,3.1627906976744184
My Left Foot (1989),121,3.851239669421488
My Life and Times With Antonin Artaud (En compagnie d'Antonin Artaud) (1993),2,2.0
My Life as a Dog (Mitt liv som hund) (1985),93,3.9784946236559136
My Man Godfrey (1936),27,4.037037037037037
My Own Private Idaho (1991),30,3.633333333333333
Mystery Science Theater 3000: The Movie (1996),130,3.4307692307692306
Nadja (1994),8,2.25
Naked (1993),25,3.24
Naked Gun 33 1/3: The Final Insult (1994),69,2.782608695652174
Naked in New York (1994),2,1.5
National Lampoon's Senior Trip (1995),7,2.4285714285714284
Natural Born Killers (1994),128,2.953125
Nell (1994),81,3.4814814814814814
Nelly & Monsieur Arnaud (1995),3,3.6666666666666665
Nemesis 2: Nebula (1995),1,2.0
"Neon Bible, The (1995)",4,1.75
"Net, The (1995)",120,3.0083333333333333
"NeverEnding Story III, The (1994)",12,2.1666666666666665
"New Age, The (1994)",1,1.0
New Jersey Drive (1995),2,3.0
New York Cop (1996),2,2.5
"Newton Boys, The (1998)",4,3.0
"Next Karate Kid, The (1994)",9,2.4444444444444446
"Next Step, The (1995)",1,3.0
"Niagara, Niagara (1997)",1,2.0
Nick of Time (1995),44,3.0454545454545454
Nico Icon (1995),2,4.0
Night Falls on Manhattan (1997),32,3.375
Night Flier (1997),7,3.7142857142857135
Night of the Living Dead (1968),64,3.421875
Night on Earth (1991),36,3.8333333333333335
"Nightmare Before Christmas, The (1993)",143,3.5874125874125875
"Nightmare on Elm Street, A (1984)",111,3.1711711711711716
Nightwatch (1997),3,3.0
Nikita (La Femme Nikita) (1990),127,4.007874015748032
Nil By Mouth (1997),4,2.0
Nina Takes a Lover (1994),6,2.833333333333333
Nine Months (1995),58,2.931034482758621
Ninotchka (1939),26,3.7692307692307687
Nixon (1995),90,3.1222222222222222
No Escape (1994),5,2.4
Nobody Loves Me (Keiner liebt mich) (1994),1,1.0
Nobody's Fool (1994),46,3.608695652173913
Normal Life (1996),1,3.0
North (1994),7,2.7142857142857144
North by Northwest (1959),179,4.284916201117318
"Nosferatu (Nosferatu, eine Symphonie des Grauens) (1922)",54,3.555555555555556
Nosferatu a Venezia (1986),3,2.333333333333333
Nothing Personal (1995),1,2.0
Nothing to Lose (1994),7,3.2857142857142856
Notorious (1946),52,4.115384615384615
Now and Then (1995),24,3.458333333333333
Nowhere (1997),3,2.333333333333333
"Nutty Professor, The (1996)",163,2.914110429447853
Nénette et Boni (1996),6,3.5
"Object of My Affection, The (1998)",1,4.0
Of Human Bondage (1934),5,3.2
Of Love and Shadows (1994),6,3.1666666666666665
Office Killer (1997),1,1.0
"Old Lady Who Walked in the Sea, The (Vieille qui marchait dans la mer, La) (1991)",5,2.6
"Old Man and the Sea, The (1958)",32,3.34375
Old Yeller (1957),64,3.484375
Oliver & Company (1988),22,2.772727272727273
"Omen, The (1976)",85,3.388235294117647
On Golden Pond (1981),106,3.5566037735849063
Once Upon a Time in America (1984),50,3.4
Once Upon a Time in the West (1969),38,3.8684210526315783
Once Upon a Time... When We Were Colored (1995),28,3.2857142857142856
Once Were Warriors (1994),31,4.064516129032258
One Fine Day (1996),112,3.2321428571428568
One Flew Over the Cuckoo's Nest (1975),264,4.291666666666667
One Night Stand (1997),15,3.466666666666667
Only You (1994),39,3.1538461538461537
Open Season (1996),2,2.5
Operation Dumbo Drop (1995),31,2.5161290322580645
Original Gangstas (1996),7,2.142857142857143
Orlando (1993),34,3.6176470588235294
Oscar & Lucinda (1997),21,3.1904761904761907
Othello (1995),72,3.611111111111111
"Other Voices, Other Rooms (1997)",1,3.0
Out to Sea (1997),19,2.6842105263157894
Outbreak (1995),104,3.2403846153846154
"Outlaw, The (1943)",2,2.5
"Pagemaster, The (1994)",12,2.25
"Pallbearer, The (1996)",22,2.3181818181818183
Palmetto (1998),14,3.1428571428571432
Palookaville (1996),13,2.9230769230769234
Panther (1995),5,2.4
"Paper, The (1994)",40,3.225
Paradise Lost: The Child Murders at Robin Hood Hills (1996),20,4.05
Paradise Road (1997),7,3.2857142857142856
"Parent Trap, The (1961)",73,3.095890410958904
Paris Is Burning (1990),27,3.814814814814815
Paris Was a Woman (1995),1,3.0
"Paris, France (1993)",3,2.333333333333333
"Paris, Texas (1984)",46,3.5434782608695654
Party Girl (1995),16,2.875
Passion Fish (1992),28,3.1785714285714284
Pather Panchali (1955),8,4.625
Paths of Glory (1957),33,4.212121212121212
Patton (1970),136,3.9926470588235294
"Peacemaker, The (1997)",136,3.272058823529412
Penny Serenade (1941),8,3.0
"People vs. Larry Flynt, The (1996)",215,3.5953488372093023
"Perez Family, The (1995)",14,2.642857142857143
"Perfect Candidate, A (1996)",4,4.0
"Perfect World, A (1993)",50,3.68
Persuasion (1995),44,4.045454545454546
"Pest, The (1997)",8,1.875
Pete's Dragon (1977),43,2.7209302325581395
"Phantom, The (1996)",80,2.575
Phantoms (1998),13,2.230769230769231
Pharaoh's Army (1995),1,1.0
Phat Beach (1996),5,1.6
Phenomenon (1996),244,3.557377049180328
Philadelphia (1993),137,3.854014598540146
"Philadelphia Story, The (1940)",104,4.115384615384615
"Piano, The (1993)",168,3.6011904761904763
Picnic (1955),18,3.611111111111111
Picture Bride (1995),10,3.1
Picture Perfect (1997),81,2.962962962962963
Pie in the Sky (1995),4,2.0
"Pillow Book, The (1995)",26,3.692307692307693
Pink Floyd - The Wall (1982),114,3.3508771929824563
Pinocchio (1940),101,3.6732673267326734
Platoon (1986),127,3.692913385826772
Playing God (1997),43,2.627906976744186
Pocahontas (1995),51,2.5294117647058822
Poetic Justice (1993),9,2.7777777777777777
Poison Ivy II (1995),13,2.1538461538461537
Police Story 4: Project S (Chao ji ji hua) (1993),1,1.0
Pollyanna (1960),27,3.1481481481481484
"Pompatus of Love, The (1996)",7,3.0
Ponette (1996),10,3.3
"Portrait of a Lady, The (1996)",25,2.68
"Postino, Il (1994)",183,3.9672131147540974
"Postman, The (1997)",58,3.2241379310344827
Powder (1995),48,3.208333333333333
Power 98 (1995),1,1.0
"Preacher's Wife, The (1996)",68,2.9264705882352944
Prefontaine (1997),3,5.0
Pretty Woman (1990),164,3.3231707317073167
"Price Above Rubies, A (1998)",3,3.333333333333333
Priest (1994),40,4.0
Primal Fear (1996),178,3.6011235955056184
Primary Colors (1998),13,3.9230769230769234
"Princess Bride, The (1987)",324,4.1728395061728385
Princess Caraboo (1994),15,3.1333333333333333
Prisoner of the Mountains (Kavkazsky Plennik) (1996),5,3.0
Private Benjamin (1980),67,2.955223880597015
Private Parts (1997),100,3.53
"Professional, The (1994)",149,3.704697986577181
"Program, The (1993)",31,2.838709677419355
"Promesse, La (1996)",6,3.333333333333333
"Promise, The (Versprechen, Das) (1994)",1,1.0
"Prophecy II, The (1998)",20,2.7
"Prophecy, The (1995)",32,2.9375
Psycho (1960),239,4.100418410041842
Pulp Fiction (1994),394,4.060913705583757
Pump Up the Volume (1990),79,3.4177215189873418
Purple Noon (1960),7,3.1428571428571432
Pushing Hands (1992),2,2.0
"Pyromaniac's Love Story, A (1995)",7,2.4285714285714284
Quartier Mozart (1992),1,1.0
"Queen Margot (Reine Margot, La) (1994)",24,3.5
"Quest, The (1996)",27,2.5185185185185186
"Quick and the Dead, The (1995)",48,3.208333333333333
"Quiet Man, The (1952)",67,4.029850746268656
"Quiet Room, The (1996)",3,3.6666666666666665
Quiz Show (1994),175,3.645714285714286
Race the Sun (1996),5,2.8
Radioland Murders (1994),12,3.333333333333333
Raging Bull (1980),116,4.120689655172414
Raiders of the Lost Ark (1981),420,4.2523809523809515
"Rainmaker, The (1997)",145,3.6
Raise the Red Lantern (1991),58,4.155172413793103
Raising Arizona (1987),256,3.875
Ran (1985),70,4.1
Ransom (1996),267,3.644194756554307
Raw Deal (1948),1,2.0
Ready to Wear (Pret-A-Porter) (1994),18,1.8333333333333333
Real Genius (1985),119,3.6638655462184873
Reality Bites (1994),77,2.9610389610389616
Rear Window (1954),209,4.3875598086124405
Rebecca (1940),66,3.9696969696969697
Rebel Without a Cause (1955),90,3.855555555555556
Reckless (1995),8,2.75
Red Corner (1997),57,3.3859649122807016
"Red Firecracker, Green Firecracker (1994)",13,3.4615384615384617
Red Rock West (1992),52,3.5961538461538463
"Ref, The (1994)",58,3.034482758620689
Relative Fear (1994),3,1.6666666666666667
"Relic, The (1997)",25,2.88
"Reluctant Debutante, The (1958)",1,3.0
"Remains of the Day, The (1993)",150,3.94
Renaissance Man (1994),43,3.0
"Rendezvous in Paris (Rendez-vous de Paris, Les) (1995)",3,3.333333333333333
Rent-a-Kid (1995),8,3.0
"Replacement Killers, The (1998)",39,3.3076923076923075
Reservoir Dogs (1992),148,3.9864864864864864
Restoration (1995),71,3.4647887323943665
"Return of Martin Guerre, The (Retour de Martin Guerre, Le) (1982)",44,3.772727272727273
Return of the Jedi (1983),507,4.007889546351085
"Return of the Pink Panther, The (1974)",92,3.5543478260869565
Rhyme & Reason (1997),5,2.2
"Rich Man's Wife, The (1996)",15,2.4
Richard III (1995),89,3.831460674157303
Richie Rich (1994),21,2.4285714285714284
Ridicule (1996),44,3.704545454545455
"Right Stuff, The (1983)",157,3.917197452229299
Ripe (1996),1,2.0
Rising Sun (1993),43,2.9069767441860463
"River Wild, The (1994)",146,3.1438356164383565
"Road to Wellville, The (1994)",17,2.294117647058824
Rob Roy (1995),92,3.565217391304348
Robert A. Heinlein's The Puppet Masters (1994),18,3.0
Robin Hood: Men in Tights (1993),56,2.5892857142857144
Robin Hood: Prince of Thieves (1991),75,3.2266666666666666
Robocop 3 (1993),11,1.7272727272727273
"Rock, The (1996)",378,3.693121693121693
Rocket Man (1997),49,2.4081632653061225
Roman Holiday (1953),68,4.102941176470588
Romeo Is Bleeding (1993),37,3.0
Romper Stomper (1992),5,3.0
Romy and Michele's High School Reunion (1997),98,3.0612244897959178
"Room with a View, A (1986)",134,3.985074626865672
Roommates (1995),13,3.2307692307692313
Roseanna's Grave (For Roseanna) (1997),5,2.8
Rosencrantz and Guildenstern Are Dead (1990),90,3.888888888888889
Rosewood (1997),114,3.6666666666666665
Rough Magic (1995),2,2.5
Ruby in Paradise (1993),23,3.1304347826086962
Rudy (1993),64,3.3125
"Ruling Class, The (1972)",16,3.875
Rumble in the Bronx (1995),174,3.4482758620689653
"Run of the Country, The (1995)",4,3.25
S.F.W. (1994),2,3.0
Sabrina (1954),64,3.796875
Sabrina (1995),190,3.5
Safe (1995),13,4.0
Safe Passage (1994),2,3.0
"Saint of Fort Washington, The (1993)",2,5.0
"Saint, The (1997)",316,3.123417721518988
Salut cousin! (1996),2,2.0
"Santa Clause, The (1994)",82,3.097560975609756
Santa with Muscles (1996),2,5.0
"Savage Nights (Nuits fauves, Les) (1992)",3,3.0
"Scarlet Letter, The (1926)",2,3.0
"Scarlet Letter, The (1995)",5,2.4
Schindler's List (1993),298,4.466442953020135
Schizopolis (1996),4,3.0
"Scout, The (1994)",12,2.6666666666666665
Scream (1996),478,3.44142259414226
Scream 2 (1997),106,3.2169811320754715
Scream of Stone (Schrei aus Stein) (1991),1,3.0
Screamers (1995),46,2.652173913043478
"Search for One-eye Jimmy, The (1996)",3,2.6666666666666665
Searching for Bobby Fischer (1993),138,3.9057971014492754
"Second Jungle Book: Mowgli & Baloo, The (1997)",6,2.0
"Secret Adventures of Tom Thumb, The (1993)",5,2.6
"Secret Agent, The (1996)",6,3.0
"Secret Garden, The (1993)",79,3.5443037974683542
"Secret of Roan Inish, The (1994)",71,3.859154929577465
Secrets & Lies (1996),162,4.265432098765432
Selena (1997),16,3.625
Sense and Sensibility (1995),268,4.0111940298507465
Senseless (1998),7,2.4285714285714284
Serial Mom (1994),54,2.814814814814815
Set It Off (1996),19,3.421052631578948
Seven (Se7en) (1995),236,3.8474576271186436
Seven Years in Tibet (1997),155,3.4580645161290318
"Seventh Seal, The (Sjunde inseglet, Det) (1957)",72,3.5416666666666665
"Sex, Lies, and Videotape (1989)",101,3.4752475247524752
"Sexual Life of the Belgians, The (1994)",2,1.5
Sgt. Bilko (1996),74,2.5675675675675675
Shadow Conspiracy (1997),44,2.863636363636364
Shadow of Angels (Schatten der Engel) (1976),1,1.0
"Shadow, The (1994)",45,2.888888888888889
Shadowlands (1993),78,3.935897435897436
Shadows (Cienie) (1988),1,1.0
"Shaggy Dog, The (1959)",30,3.0
Shall We Dance? (1937),17,3.7058823529411766
Shall We Dance? (1996),46,4.260869565217392
Shallow Grave (1994),66,3.8181818181818175
Shanghai Triad (Yao a yao yao dao waipo qiao) (1995),26,3.5769230769230766
"Shawshank Redemption, The (1994)",283,4.445229681978798
She's So Lovely (1997),53,2.7358490566037736
She's the One (1996),73,3.0136986301369864
Shiloh (1997),12,2.833333333333333
Shine (1996),129,3.922480620155039
"Shining, The (1980)",206,3.825242718446602
"Shooter, The (1995)",3,2.6666666666666665
Shooting Fish (1997),10,2.5
Shopping (1994),1,2.0
Short Cuts (1993),67,3.776119402985074
"Show, The (1995)",2,3.0
Showgirls (1995),23,1.9565217391304348
"Silence of the Lambs, The (1991)",390,4.28974358974359
"Silence of the Palace, The (Saimt el Qusur) (1994)",1,3.0
"Simple Twist of Fate, A (1994)",10,3.2
"Simple Wish, A (1997)",3,1.6666666666666667
Singin' in the Rain (1952),137,3.992700729927008
Sirens (1994),59,2.983050847457627
Six Degrees of Separation (1993),74,3.77027027027027
"Sixth Man, The (1997)",9,3.2222222222222223
Sleeper (1973),82,3.634146341463415
Sleepers (1996),169,3.5147928994082838
Sleepless in Seattle (1993),213,3.539906103286385
Sleepover (1995),1,3.0
Sliding Doors (1998),5,2.6
Sling Blade (1996),136,4.198529411764706
"Slingshot, The (1993)",2,3.5
Sliver (1993),37,2.4054054054054053
Small Faces (1995),1,2.0
"Smile Like Yours, A (1997)",25,2.88
Smilla's Sense of Snow (1997),48,3.1666666666666665
Smoke (1995),74,3.6216216216216215
Sneakers (1992),150,3.513333333333333
Snow White and the Seven Dwarfs (1937),172,3.7093023255813953
So Dear to My Heart (1949),4,3.25
So I Married an Axe Murderer (1993),95,3.0526315789473686
Solo (1996),12,1.8333333333333333
Some Folks Call It a Sling Blade (1993),41,4.2926829268292686
Some Kind of Wonderful (1987),59,3.6610169491525424
Some Like It Hot (1959),128,3.984375
Some Mother's Son (1996),2,4.5
Somebody to Love (1994),2,1.0
Someone Else's America (1995),1,5.0
Something to Talk About (1995),26,2.769230769230769
Somewhere in Time (1980),82,3.4268292682926833
Son in Law (1993),39,2.4871794871794872
Sophie's Choice (1982),58,3.896551724137931
Soul Food (1997),59,3.1694915254237284
"Sound of Music, The (1965)",222,3.765765765765766
Space Jam (1996),93,2.7741935483870965
"Spanish Prisoner, The (1997)",1,4.0
Spanking the Monkey (1994),27,3.0740740740740735
Spawn (1997),143,2.6153846153846154
"Specialist, The (1994)",20,2.25
Species (1995),45,2.8666666666666667
Speechless (1994),36,3.083333333333333
Speed (1994),230,3.6478260869565218
Speed 2: Cruise Control (1997),38,2.131578947368421
Spellbound (1945),30,3.933333333333333
Sphere (1998),41,2.9268292682926833
Spice World (1997),26,2.1153846153846154
Spirits of the Dead (Tre passi nel delirio) (1968),2,2.5
"Spitfire Grill, The (1996)",97,3.8041237113402064
Sprung (1997),3,2.0
Spy Hard (1996),43,2.511627906976744
Squeeze (1996),3,1.6666666666666667
Stag (1997),9,2.1111111111111107
Stalingrad (1993),12,3.1666666666666665
Stalker (1979),11,3.5454545454545454
Stand by Me (1986),227,3.8810572687224667
Star Kid (1997),3,5.0
"Star Maker, The (Uomo delle stelle, L') (1995)",12,3.1666666666666665
Star Maps (1997),19,3.0526315789473686
Star Trek III: The Search for Spock (1984),171,3.111111111111111
Star Trek IV: The Voyage Home (1986),199,3.4472361809045227
Star Trek V: The Final Frontier (1989),63,2.3968253968253967
Star Trek VI: The Undiscovered Country (1991),161,3.279503105590062
Star Trek: First Contact (1996),365,3.6602739726027407
Star Trek: Generations (1994),116,3.3362068965517233
Star Trek: The Motion Picture (1979),117,3.034188034188034
Star Trek: The Wrath of Khan (1982),244,3.8155737704918034
Star Wars (1977),583,4.358490566037736
Stargate (1994),127,3.141732283464567
"Stars Fell on Henrietta, The (1995)",3,2.333333333333333
Starship Troopers (1997),211,3.2322274881516586
"Steal Big, Steal Little (1995)",7,2.571428571428572
Stealing Beauty (1996),64,3.375
Steel (1997),19,2.1578947368421053
Stefano Quantestorie (1993),1,1.0
Stephen King's The Langoliers (1995),29,2.413793103448276
"Sting, The (1973)",241,4.058091286307054
Stonewall (1995),5,4.2
"Story of Xinghua, The (1993)",5,3.2
Strange Days (1995),87,3.2643678160919536
Stranger in the House (1997),7,2.4285714285714284
"Stranger, The (1994)",3,3.0
Strawberry and Chocolate (Fresa y chocolate) (1993),11,3.272727272727273
Street Fighter (1994),8,2.75
"Streetcar Named Desire, A (1951)",98,3.8163265306122454
Strictly Ballroom (1992),104,4.028846153846153
Striking Distance (1993),12,2.583333333333333
Stripes (1981),5,3.8
Striptease (1996),67,2.238805970149253
Stuart Saves His Family (1995),16,2.125
"Stupids, The (1996)",17,2.0
SubUrbia (1997),12,3.6666666666666665
"Substance of Fire, The (1996)",4,3.25
"Substitute, The (1996)",49,2.6938775510204085
Sudden Death (1995),47,2.723404255319149
Sudden Manhattan (1996),2,1.5
"Sum of Us, The (1994)",11,3.5454545454545454
"Sunchaser, The (1996)",1,3.0
Sunset Blvd. (1950),65,4.2
Sunset Park (1996),8,2.5
Super Mario Bros. (1993),26,2.0769230769230766
Supercop (1992),65,3.5384615384615383
Surviving Picasso (1996),19,3.1052631578947367
Surviving the Game (1994),11,2.4545454545454546
Suture (1993),4,2.25
"Swan Princess, The (1994)",7,2.8571428571428568
"Sweet Hereafter, The (1997)",44,3.772727272727273
Sweet Nothing (1995),1,3.0
Swept from the Sea (1997),7,2.4285714285714284
Swimming with Sharks (1995),47,3.5744680851063837
Swingers (1996),157,3.828025477707006
Swiss Family Robinson (1960),39,3.358974358974359
Switchback (1997),17,2.8235294117647056
Switchblade Sisters (1975),13,3.2307692307692313
"Sword in the Stone, The (1963)",82,3.3292682926829267
"Symphonie pastorale, La (1946)",1,1.0
T-Men (1947),1,1.0
Tainted (1998),1,3.0
Tales From the Crypt Presents: Demon Knight (1995),43,2.976744186046512
Tales from the Crypt Presents: Bordello of Blood (1996),55,2.636363636363636
Tales from the Hood (1995),27,2.0370370370370368
Talking About Sex (1994),5,1.8
"Tango Lesson, The (1997)",13,3.3846153846153846
Tank Girl (1995),41,2.8536585365853657
Target (1995),1,3.0
Taxi Driver (1976),182,4.12087912087912
Telling Lies in America (1997),13,3.2307692307692313
Temptress Moon (Feng Yue) (1996),3,1.6666666666666667
Terminal Velocity (1994),34,2.676470588235294
Terminator 2: Judgment Day (1991),295,4.0067796610169495
"Terminator, The (1984)",301,3.933554817275748
Terror in a Texas Town (1958),1,1.0
Tetsuo II: Body Hammer (1992),6,2.6666666666666665
That Darn Cat! (1965),19,2.473684210526316
That Darn Cat! (1997),41,2.463414634146341
That Old Feeling (1997),11,3.363636363636364
That Thing You Do! (1996),176,3.4659090909090913
The Courtyard (1995),1,1.0
The Deadly Cure (1996),2,3.0
The Innocent (1994),4,3.0
Theodore Rex (1995),5,1.4
They Made Me a Criminal (1939),1,5.0
"Thieves (Voleurs, Les) (1996)",7,3.7142857142857135
"Thin Blue Line, The (1988)",35,3.7714285714285714
"Thin Line Between Love and Hate, A (1996)",12,2.4166666666666665
"Thin Man, The (1934)",60,4.15
Things to Do in Denver when You're Dead (1995),71,3.1549295774647885
Thinner (1996),49,2.4489795918367347
"Third Man, The (1949)",72,4.333333333333333
Thirty-Two Short Films About Glenn Gould (1993),18,3.9444444444444446
This Is Spinal Tap (1984),191,3.9057591623036654
"Thousand Acres, A (1997)",37,3.4054054054054053
"Three Caballeros, The (1945)",22,3.272727272727273
Three Colors: Blue (1993),64,4.015625
Three Colors: Red (1994),83,4.0602409638554215
Three Colors: White (1994),59,3.864406779661017
Three Lives and Only One Death (1996),1,3.0
"Three Musketeers, The (1993)",89,3.3033707865168536
Three Wishes (1995),9,3.2222222222222223
Threesome (1994),31,2.838709677419355
Tie Me Up! Tie Me Down! (1990),32,3.1875
"Tie That Binds, The (1995)",7,2.4285714285714284
Tigrero: A Film That Was Never Made (1994),1,1.0
Time Tracers (1995),2,1.5
"Time to Kill, A (1996)",232,3.685344827586207
Timecop (1994),31,3.0967741935483866
Tin Cup (1996),193,3.160621761658031
"Tin Drum, The (Blechtrommel, Die) (1979)",40,3.7
Tin Men (1987),51,3.07843137254902
Titanic (1997),350,4.2457142857142856
To Be or Not to Be (1942),18,3.611111111111111
To Catch a Thief (1955),50,4.02
To Cross the Rubicon (1991),1,1.0
To Die For (1995),87,3.2758620689655173
To Gillian on Her 37th Birthday (1996),44,3.0681818181818183
"To Have, or Not (1995)",2,2.0
To Kill a Mockingbird (1962),219,4.2922374429223735
To Live (Huozhe) (1994),14,3.7857142857142856
"To Wong Foo, Thanks for Everything! Julie Newmar (1995)",57,2.8947368421052637
Tokyo Fist (1995),1,4.0
Tom & Viv (1994),9,3.333333333333333
Tom and Huck (1995),12,3.1666666666666665
Tombstone (1993),108,3.6666666666666665
Tommy Boy (1995),66,2.9090909090909087
Tomorrow Never Dies (1997),180,3.4277777777777776
Top Gun (1986),220,3.481818181818182
Top Hat (1935),21,4.047619047619048
Total Eclipse (1995),4,2.75
Touch (1997),9,2.7777777777777777
Touch of Evil (1958),34,3.9117647058823533
Tough and Deadly (1995),2,3.0
Touki Bouki (Journey of the Hyena) (1973),1,1.0
Toy Story (1995),452,3.878318584070796
Trainspotting (1996),250,3.884
"Transformers: The Movie, The (1986)",32,2.84375
Traveller (1997),13,3.3076923076923075
"Treasure of the Sierra Madre, The (1948)",80,4.1
Trees Lounge (1996),50,3.24
Trial and Error (1997),23,2.5217391304347827
Trial by Jury (1994),7,2.4285714285714284
"Trigger Effect, The (1996)",35,3.2
True Crime (1995),9,3.333333333333333
True Lies (1994),208,3.5625
True Romance (1993),104,3.615384615384616
"Truman Show, The (1998)",11,2.9090909090909087
Trust (1990),19,3.7894736842105265
"Truth About Cats & Dogs, The (1996)",272,3.4852941176470584
"Truth or Consequences, N.M. (1997)",3,2.0
Turbo: A Power Rangers Movie (1997),5,1.8
Turbulence (1997),23,2.565217391304348
"Turning, The (1992)",2,2.5
Twelfth Night (1996),29,3.4137931034482767
Twelve Monkeys (1995),392,3.798469387755102
Twilight (1998),4,2.5
Twin Town (1997),6,2.1666666666666665
Twisted (1996),6,3.5
Twister (1996),293,3.2150170648464163
Two Bits (1995),5,2.2
Two Deaths (1995),4,2.25
Two Friends (1986) ,1,3.0
Two Much (1996),7,2.4285714285714284
Two if by Sea (1996),25,2.6
Two or Three Things I Know About Her (1966),4,3.75
U Turn (1997),64,3.359375
U.S. Marshalls (1998),9,3.0
Ulee's Gold (1997),184,3.760869565217391
"Umbrellas of Cherbourg, The (Parapluies de Cherbourg, Les) (1964)",21,3.761904761904762
"Unbearable Lightness of Being, The (1988)",92,3.4565217391304346
Under Siege (1992),124,3.290322580645161
Under Siege 2: Dark Territory (1995),48,2.458333333333333
Underground (1995),5,2.8
"Underneath, The (1995)",4,2.75
Underworld (1997),4,2.5
Unforgettable (1996),34,3.3235294117647056
Unforgiven (1992),182,3.868131868131868
Unhook the Stars (1996),10,2.5
Unstrung Heroes (1995),22,3.3181818181818183
Until the End of the World (Bis ans Ende der Welt) (1991),23,2.8260869565217392
Unzipped (1995),11,3.5454545454545454
Up Close and Personal (1996),85,3.1882352941176477
Up in Smoke (1978),47,3.2553191489361697
"Usual Suspects, The (1995)",267,4.3857677902621734
Vampire in Brooklyn (1995),12,1.8333333333333333
"Van, The (1996)",6,2.6666666666666665
Vanya on 42nd Street (1994),27,3.592592592592593
Vegas Vacation (1997),75,2.4
Venice/Venice (1992),2,1.0
Vermin (1998),2,2.0
Vermont Is For Lovers (1992),1,1.0
Vertigo (1958),179,4.251396648044691
"Very Brady Sequel, A (1996)",93,2.3978494623655915
"Very Natural Thing, A (1974)",1,1.0
Victor/Victoria (1982),77,3.3376623376623376
"Vie est belle, La (Life is Rosey) (1987)",1,1.0
Village of the Damned (1995),22,2.6818181818181817
Virtuosity (1995),38,2.736842105263158
"Visitors, The (Visiteurs, Les) (1993)",2,3.5
Volcano (1997),219,2.808219178082192
Wag the Dog (1997),137,3.510948905109489
Waiting for Guffman (1996),47,4.127659574468085
Waiting to Exhale (1995),16,2.5
"Walk in the Clouds, A (1995)",63,3.2857142857142856
"Walk in the Sun, A (1945)",1,3.0
Walkabout (1971),26,3.8461538461538463
"Walking Dead, The (1995)",4,2.25
Walking and Talking (1996),8,3.625
Wallace & Gromit: The Best of Aardman Animation (1996),67,4.447761194029852
"War Room, The (1993)",9,3.333333333333333
"War at Home, The (1996)",1,2.0
"War, The (1994)",15,3.2666666666666666
Warriors of Virtue (1997),10,3.0
Washington Square (1997),34,3.294117647058824
Waterworld (1995),102,2.8039215686274512
Wedding Bell Blues (1996),1,3.0
"Wedding Gift, The (1994)",3,4.0
"Wedding Singer, The (1998)",72,3.486111111111111
Weekend at Bernie's (1989),60,2.6166666666666667
Welcome To Sarajevo (1997),22,3.363636363636364
Welcome to the Dollhouse (1995),112,3.7232142857142856
Wend Kuuni (God's Gift) (1982),1,1.0
Wes Craven's New Nightmare (1994),35,2.8
What Happened Was... (1994),8,2.625
What's Eating Gilbert Grape (1993),115,3.5391304347826087
What's Love Got to Do with It (1993),45,3.488888888888889
When Harry Met Sally... (1989),290,3.910344827586207
When Night Is Falling (1995),5,3.4
When We Were Kings (1996),44,4.045454545454546
When a Man Loves a Woman (1994),39,3.4871794871794872
When the Cats Away (Chacun cherche son chat) (1996),16,3.5625
While You Were Sleeping (1995),162,3.5493827160493834
"White Balloon, The (1995)",10,2.8
White Man's Burden (1995),10,2.0
White Squall (1996),85,3.4
"Whole Wide World, The (1996)",6,4.0
Widows' Peak (1994),19,3.5789473684210527
"Wife, The (1995)",1,3.0
Wild America (1997),9,2.888888888888889
Wild Bill (1995),12,2.5
"Wild Bunch, The (1969)",43,4.023255813953488
Wild Reeds (1994),14,3.1428571428571432
Wild Things (1998),11,2.727272727272727
William Shakespeare's Romeo and Juliet (1996),106,3.5943396226415096
Willy Wonka and the Chocolate Factory (1971),326,3.6319018404907975
Window to Paris (1994),1,4.0
Wings of Courage (1995),1,4.0
Wings of Desire (1987),57,4.0
"Wings of the Dove, The (1997)",75,3.68
Winnie the Pooh and the Blustery Day (1968),75,3.8
"Winter Guest, The (1997)",9,3.4444444444444446
Wishmaster (1997),27,2.4444444444444446
With Honors (1994),46,3.065217391304348
Withnail and I (1987),13,3.2307692307692313
Witness (1985),1,4.0
"Wizard of Oz, The (1939)",246,4.077235772357724
Wolf (1994),67,2.7014925373134333
"Woman in Question, The (1950)",1,1.0
"Women, The (1939)",15,3.6666666666666665
"Wonderful, Horrible Life of Leni Riefenstahl, The (1993)",10,4.0
Wonderland (1997),10,3.2
"Wooden Man's Bride, The (Wu Kui) (1994)",3,2.6666666666666665
"World of Apu, The (Apur Sansar) (1959)",6,4.0
"Wrong Trousers, The (1993)",118,4.466101694915254
Wyatt Earp (1994),50,3.1
Yankee Zulu (1994),1,1.0
Year of the Horse (1997),7,3.2857142857142856
You So Crazy (1994),1,3.0
Young Frankenstein (1974),200,3.945
Young Guns (1988),101,3.207920792079208
Young Guns II (1990),44,2.772727272727273
"Young Poisoner's Handbook, The (1995)",41,3.3414634146341466
Zeus and Roxanne (1997),6,2.1666666666666665
unknown,9,3.4444444444444446
Á köldum klaka (Cold Fever) (1994),1,3.0
